Constituency,Const. No.,Leading Candidate,Leading Party,Trailing Candidate,Trailing Party,Margin,Round,Status,Phase,District,Male_Electors,Female_Electors,Third_Gender_Electors,Total_Electors
ALIPURDUARS,12,PARITOSH DAS,Bharatiya Janata Party,SUMAN KANJILAL,All India Trinamool Congress,70420,24/24,Result Declared,1,ALIPURDUAR,123903,120423,5,244331
AMDANGA,102,MOHAMMAD KASEM SIDDIQUE,All India Trinamool Congress,ARINDAM DEY,Bharatiya Janata Party,2995,20/20,Result Declared,2,NORTH 24 PARGANAS,115380,105823,4,221207
AMTA,181,AMIT SAMANTA,Bharatiya Janata Party,SUKANTA KUMAR PAUL,All India Trinamool Congress,4454,20/20,Result Declared,2,HOWRAH,132837,124140,5,256982
ARAMBAG,200,BAG HEMANTA,Bharatiya Janata Party,BAG MITA,All India Trinamool Congress,28959,24/24,Result Declared,2,HOOGHLY,128700,124558,2,253260
ASANSOL DAKSHIN,280,AGNIMITRA PAUL,Bharatiya Janata Party,TAPAS BANERJEE,All India Trinamool Congress,40839,15/15,Result Declared,1,PASCHIM BARDHAMAN,122533,116492,5,239030
ASANSOL UTTAR,281,KRISHNENDU MUKHERJEE,Bharatiya Janata Party,MOLOY GHATAK,All India Trinamool Congress,11615,15/15,Result Declared,1,PASCHIM BARDHAMAN,120386,116471,1,236858
ASHOKNAGAR,101,DR. SUMAY HIRA,Bharatiya Janata Party,NARAYAN GOSWAMI,All India Trinamool Congress,9408,21/21,Result Declared,2,NORTH 24 PARGANAS,117314,112185,7,229506
AUSGRAM,273,KALITA MAJI,Bharatiya Janata Party,SHYAMA PRASANNA LOHAR,All India Trinamool Congress,12535,16/16,Result Declared,2,PURBA BARDHAMAN,119363,116644,3,236010
BADURIA,99,BURHANUL MUKADDIM (LITON),All India Trinamool Congress,SUKRITI KUMAR SARKAR,Bharatiya Janata Party,40061,21/21,Result Declared,2,NORTH 24 PARGANAS,122187,113971,4,236162
BAGDA,94,SOMA THAKUR,Bharatiya Janata Party,MADHUPARNA THAKUR,All India Trinamool Congress,34616,23/23,Result Declared,2,NORTH 24 PARGANAS,126236,114747,6,240989
BAGHMUNDI,240,RAHIDAS MAHATO,Bharatiya Janata Party,SUSHANTA MAHATO,All India Trinamool Congress,40817,22/22,Result Declared,1,PURULIA,129747,120906,4,250657
BAGNAN,180,ARUNAVA SEN,All India Trinamool Congress,PRAMANSHU RANA,Bharatiya Janata Party,11316,20/20,Result Declared,2,HOWRAH,117902,112672,4,230578
BAHARAMPUR,72,SUBRATA MAITRA (KANCHAN),Bharatiya Janata Party,ADHIR RANJAN CHOWDHURY,Indian National Congress,17548,17/17,Result Declared,1,MURSHIDABAD,118741,122079,10,240830
BAISNABNAGAR,54,RAJU KARMAKAR,Bharatiya Janata Party,CHANDANA SARKAR,All India Trinamool Congress,46881,21/21,Result Declared,1,MALDA,121683,112174,8,233865
BALAGARH,191,SUMANA SARKAR,Bharatiya Janata Party,RANJAN DHARA,All India Trinamool Congress,41914,13/13,Result Declared,2,HOOGHLY,122092,117990,6,240088
BALARAMPUR,239,JALADHAR MAHATO,Bharatiya Janata Party,SHANTIRAM MAHATO,All India Trinamool Congress,35051,22/22,Result Declared,1,PURULIA,122322,113063,3,235388
BALLY,169,SANJAY KUMAR SINGH,Bharatiya Janata Party,KAILASH KUMAR MISHRA,All India Trinamool Congress,11997,15/15,Result Declared,2,HOWRAH,68826,64743,4,133573
BALLYGUNGE,161,SOBHANDEB CHATTOPADHYAY,All India Trinamool Congress,SHATORUPA,Bharatiya Janata Party,61476,16/16,Result Declared,2,KOLKATA SOUTH,96205,92627,7,188839
BALURGHAT,39,BIDYUT KUMAR ROY,Bharatiya Janata Party,ARPITA GHOSH,All India Trinamool Congress,47576,16/16,Result Declared,1,DAKSHIN DINAJPUR,84215,82683,14,166912
BANDWAN,238,LABSEN BASKEY,Bharatiya Janata Party,RAJIB LOCHAN SAREN,All India Trinamool Congress,29577,20/20,Result Declared,1,PURULIA,145379,140587,0,285966
BANGAON DAKSHIN,96,SWAPAN MAJUMDER,Bharatiya Janata Party,RITUPARNA ADDHYA,All India Trinamool Congress,37814,21/21,Result Declared,2,NORTH 24 PARGANAS,117928,110425,6,228359
BANGAON UTTAR,95,ASHOK KIRTANIA,Bharatiya Janata Party,BISWAJIT DAS,All India Trinamool Congress,40670,21/21,Result Declared,2,NORTH 24 PARGANAS,116517,109424,21,225962
BANKURA,252,NILADRI SEKHAR DANA,Bharatiya Janata Party,DR. ANUP MANDAL,All India Trinamool Congress,54177,24/24,Result Declared,1,BANKURA,130714,130172,0,260886
BARABANI,283,ARIJIT ROY,Bharatiya Janata Party,BIDHAN UPADHYAY,All India Trinamool Congress,11722,12/12,Result Declared,1,PASCHIM BARDHAMAN,102600,99295,3,201898
BARANAGAR,113,SAJAL GHOSH,Bharatiya Janata Party,SAYANTIKA BANERJEE,All India Trinamool Congress,16956,13/13,Result Declared,2,NORTH 24 PARGANAS,90690,95847,4,186541
BARASAT,119,SANKAR CHATTERJEE,Bharatiya Janata Party,SABYASACHI DUTTA,All India Trinamool Congress,34558,23/23,Result Declared,2,NORTH 24 PARGANAS,126025,126398,16,252439
BARDHAMAN DAKSHIN,260,MOUMITA BISWAS MISRA,Bharatiya Janata Party,KHOKAN DAS,All India Trinamool Congress,30470,18/18,Result Declared,2,PURBA BARDHAMAN,108647,113310,4,221961
BARDHAMAN UTTAR,266,NISITH KUMAR MALIK,All India Trinamool Congress,SANJOY DAS,Bharatiya Janata Party,6460,19/19,Result Declared,2,PURBA BARDHAMAN,129891,130468,1,260360
BARJORA,253,BILLESWAR SINHA,Bharatiya Janata Party,GOUTAM MISHRA (SHYAM),All India Trinamool Congress,41310,23/23,Result Declared,1,BANKURA,128366,123035,1,251402
BARRACKPUR,108,KAUSTUV BAGCHI,Bharatiya Janata Party,RAJ CHAKRABORTY (RAJU),All India Trinamool Congress,15822,15/15,Result Declared,2,NORTH 24 PARGANAS,86097,84548,1,170646
BARUIPUR PASCHIM,140,BIMAN BANERJEE,All India Trinamool Congress,BISWAJIT PAUL,Bharatiya Janata Party,17862,18/18,Result Declared,2,SOUTH 24 PARGANAS,116620,116455,22,233097
BARUIPUR PURBA,137,BIVAS SARDAR,All India Trinamool Congress,TUMPA SARDAR,Bharatiya Janata Party,31815,18/18,Result Declared,2,SOUTH 24 PARGANAS,126745,118350,11,245106
BASANTI,128,NILIMA MISTRY BISHAL,All India Trinamool Congress,BIKASH SARDAR,Bharatiya Janata Party,56181,19/19,Result Declared,2,SOUTH 24 PARGANAS,125989,114312,2,240303
BASIRHAT DAKSHIN,124,SURAJIT MITRA (BADAL),All India Trinamool Congress,DR. SOURYA BANERJEE,Bharatiya Janata Party,9544,17/17,Result Declared,2,NORTH 24 PARGANAS,132772,127583,6,260361
BASIRHAT UTTAR,125,MD. TAUSEFFUR RAHMAN,All India Trinamool Congress,MD. MUSA KAREMULLA,All India Secular Front,57270,22/22,Result Declared,2,NORTH 24 PARGANAS,126777,118608,3,245388
BEHALA PASCHIM,154,DR. INDRANIL KHAN,Bharatiya Janata Party,RATNA CHATTERJEE,All India Trinamool Congress,24699,26/26,Result Declared,2,SOUTH 24 PARGANAS,128607,137562,4,266173
BEHALA PURBA,153,SANKAR SIKDER,Bharatiya Janata Party,SUBHASISH CHAKRABORTY,All India Trinamool Congress,25137,23/23,Result Declared,2,SOUTH 24 PARGANAS,126011,133735,6,259752
BELDANGA,71,BHARAT KUMAR JHAWAR,Bharatiya Janata Party,RABIUL ALAM CHOWDHURY,All India Trinamool Congress,13208,16/16,Result Declared,1,MURSHIDABAD,126928,117052,4,243984
BELEGHATA,164,KUNAL KUMAR GHOSH,All India Trinamool Congress,PARTHA CHAUDHURY,Bharatiya Janata Party,28576,23/23,Result Declared,2,KOLKATA NORTH,97037,93556,6,190599
BHABANIPUR,159,ADHIKARI SUVENDU,Bharatiya Janata Party,MAMATA BANERJEE,All India Trinamool Congress,15105,20/20,Result Declared,2,KOLKATA SOUTH,81108,79199,6,160313
BHAGABANPUR,214,SANTANU PRAMANIK,Bharatiya Janata Party,MANAB KUMAR PARUA,All India Trinamool Congress,20878,24/24,Result Declared,1,PURBO MEDINIPUR,137073,126700,2,263775
BHAGAWANGOLA,62,REYAT HOSSAIN SARKAR,All India Trinamool Congress,MAHAMUDAL HASAN,Communist Party of India (Marxist),56407,21/21,Result Declared,1,MURSHIDABAD,114659,109958,1,224618
BHANGAR,148,MD NAWSAD SIDDIQUE,All India Secular Front,SAOKAT MOLLA,All India Trinamool Congress,32088,18/18,Result Declared,2,SOUTH 24 PARGANAS,142681,130016,14,272711
BHARATPUR,69,MUSTAFIJUR RAHAMAN (SUMAN),All India Trinamool Congress,ANAMIKA GHOSH,Bharatiya Janata Party,30753,14/14,Result Declared,1,MURSHIDABAD,124672,114508,4,239184
BHATAR,267,KARFA SOUMEN,Bharatiya Janata Party,KONER SHANTANU,All India Trinamool Congress,6528,14/14,Result Declared,2,PURBA BARDHAMAN,113735,112907,0,226642
BHATPARA,105,PAWAN KUMAR SINGH,Bharatiya Janata Party,AMIT GUPTA,All India Trinamool Congress,22807,12/12,Result Declared,2,NORTH 24 PARGANAS,61817,55375,3,117195
BIDHANNAGAR,116,SHARADWAT MUKHERJEE,Bharatiya Janata Party,SUJIT BOSE,All India Trinamool Congress,37330,16/16,Result Declared,2,NORTH 24 PARGANAS,98891,104979,7,203877
BIJPUR,103,SUDIPTA DAS,Bharatiya Janata Party,SUBODH ADHIKARY,All India Trinamool Congress,13343,10/10,Result Declared,2,NORTH 24 PARGANAS,80060,78032,4,158096
BINPUR,237,DR. PRANAT TUDU,Bharatiya Janata Party,BIRBAHA HANSDA,All India Trinamool Congress,22977,22/22,Result Declared,1,JHARGRAM,110250,110873,2,221125
BISHNUPUR,146,DILIP MONDAL,All India Trinamool Congress,ABHIJIT SARDAR,Bharatiya Janata Party,36925,24/24,Result Declared,2,SOUTH 24 PARGANAS,137741,130512,13,268266
BISHNUPUR,255,SHUKLA CHATTERJEE,Bharatiya Janata Party,TANMAY GHOSH (BUMBA),All India Trinamool Congress,30605,19/19,Result Declared,1,BANKURA,111531,108753,0,220284
BOLPUR,286,CHANDRANATH SINHA,All India Trinamool Congress,DILIP GHOSH,Bharatiya Janata Party,13188,23/23,Result Declared,1,BIRBHUM,131040,129064,8,260112
BUDGE BUDGE,156,ASHOK KUMAR DEB,All India Trinamool Congress,DR TARUN KUMAR ADAK,Bharatiya Janata Party,46850,12/12,Result Declared,2,SOUTH 24 PARGANAS,117406,112495,6,229907
BURWAN,67,SUKHEN KUMAR BAGDI,Bharatiya Janata Party,PROTIMA RAJAK,All India Trinamool Congress,22300,13/13,Result Declared,1,MURSHIDABAD,111612,102386,5,214003
CANNING PASCHIM,138,PARESH RAM DAS,All India Trinamool Congress,Prasanta Bayen,Bharatiya Janata Party,40665,23/23,Result Declared,2,SOUTH 24 PARGANAS,123786,114439,11,238236
CANNING PURBA,139,MD BAHARUL ISLAM,All India Trinamool Congress,ARABUL ISLAM,All India Secular Front,91954,22/22,Result Declared,2,SOUTH 24 PARGANAS,129566,117083,24,246673
CHAKDAHA,91,BANKIM CHANDRA GHOSH,Bharatiya Janata Party,SUBHANKAR SINGHA (JISHU),All India Trinamool Congress,36945,22/22,Result Declared,2,NADIA,115182,108796,3,223981
CHAKULIA,31,AZAD MINHAJUL ARFIN,All India Trinamool Congress,MANOJ KUMAR JAIN,Bharatiya Janata Party,28011,21/21,Result Declared,1,UTTAR DINAJPUR,114782,101311,2,216095
CHAMPDANI,187,DILIP SINGH,Bharatiya Janata Party,ARINDAM GUIN (BUBAI),All India Trinamool Congress,3026,26/26,Result Declared,2,HOOGHLY,110910,111032,10,221952
CHANCHAL,45,PRASUN BANERJEE,All India Trinamool Congress,RATAN DAS,Bharatiya Janata Party,63874,22/22,Result Declared,1,MALDA,126863,117560,5,244428
CHANDANNAGAR,189,Deepanjan Kumar Guha,Bharatiya Janata Party,Indranil Sen,All India Trinamool Congress,13441,23/23,Result Declared,2,HOOGHLY,100183,103262,6,203451
CHANDIPUR,211,PIJUSH KANTI DAS,Bharatiya Janata Party,UTTAM BARIK,All India Trinamool Congress,20270,13/13,Result Declared,1,PURBO MEDINIPUR,132659,123265,0,255924
CHANDITALA,194,SWATI KHANDOKER,All India Trinamool Congress,DEBASISH MUKHERJEE,Bharatiya Janata Party,19663,24/24,Result Declared,2,HOOGHLY,125034,121506,3,246543
CHANDRAKONA,232,SUKANTA DOLUI,Bharatiya Janata Party,DOLOI SURJYA KANTA,All India Trinamool Congress,33481,19/19,Result Declared,1,PASCHIM MEDINIPUR,145000,137820,0,282820
CHAPRA,82,JEBER SEKH,All India Trinamool Congress,SAIKAT SARKAR,Bharatiya Janata Party,30780,14/14,Result Declared,2,NADIA,123420,108637,0,232057
CHHATNA,248,SATYANARAYAN MUKHOPADHYAY,Bharatiya Janata Party,SWAPAN KUMAR MONDAL,All India Trinamool Congress,47174,23/23,Result Declared,1,BANKURA,124236,117915,0,242151
CHOPRA,28,HAMIDUL RAHAMAN,All India Trinamool Congress,SANKAR ADHIKARI,Bharatiya Janata Party,69124,20/20,Result Declared,1,UTTAR DINAJPUR,120091,99140,5,219236
CHOWRANGEE,162,BANDYOPADHYAY NAYNA,All India Trinamool Congress,SANTOSH KUMAR PATHAK,Bharatiya Janata Party,22002,21/21,Result Declared,2,KOLKATA NORTH,67355,58989,5,126349
CHUNCHURA,190,SUBIR NAG,Bharatiya Janata Party,DEBANGSHU BHATTACHARYA,All India Trinamool Congress,43435,28/28,Result Declared,2,HOOGHLY,136134,139570,11,275715
COOCHBEHAR DAKSHIN,4,RATHINDRA BOSE,Bharatiya Janata Party,AVIJIT DE BHOWMIK,All India Trinamool Congress,23284,23/23,Result Declared,1,COOCHBEHAR,109394,104570,4,213968
COOCHBEHAR UTTAR,3,SUKUMAR RAY,Bharatiya Janata Party,PARTHA PRATIM RAY,All India Trinamool Congress,70384,23/23,Result Declared,1,COOCHBEHAR,136255,126823,0,263078
DABGRAM-FULBARI,19,SIKHA CHATTERJEE,Bharatiya Janata Party,RANJAN SIL SHARMA,All India Trinamool Congress,97715,18/18,Result Declared,1,JALPAIGURI,133222,131154,4,264380
DANTAN,219,AJIT KUMAR JANA,Bharatiya Janata Party,MANIK MAITI,All India Trinamool Congress,10376,19/19,Result Declared,1,PASCHIM MEDINIPUR,122382,113786,0,236168
DARJEELING,23,NOMAN RAI,Bharatiya Janata Party,BIJOY KUMAR RAI,Bharatiya Gorkha Prajatantrik Morcha,6057,17/17,Result Declared,1,DARJEELING,103033,104681,2,207716
DASPUR,230,TAPAN KUMAR DUTTA,Bharatiya Janata Party,ASHIS HUDAIT,All India Trinamool Congress,32134,20/20,Result Declared,1,PASCHIM MEDINIPUR,149903,146142,0,296045
DEBRA,229,SUBHASHIS OM,Bharatiya Janata Party,RAJIB BANERJEE,All India Trinamool Congress,28801,18/18,Result Declared,1,PASCHIM MEDINIPUR,116447,115448,3,231898
DEGANGA,120,ANISUR RAHAMAN BIDESH,All India Trinamool Congress,MD MOFIDUL HOQUE SAHAJI MINTU,All India Secular Front,17818,20/20,Result Declared,2,NORTH 24 PARGANAS,124607,115396,4,240007
DHANEKHALI,197,ASIMA PATRA,All India Trinamool Congress,BARNALI DAS,Bharatiya Janata Party,13057,14/14,Result Declared,2,HOOGHLY,131462,131225,2,262689
DHUPGURI,15,NARESH ROY,Bharatiya Janata Party,NIRMAL CHANDRA ROY,All India Trinamool Congress,38550,15/15,Result Declared,1,JALPAIGURI,133196,124925,6,258127
DIAMOND HARBOUR,143,PANNA LAL HALDER,All India Trinamool Congress,DIPAK KUMAR HALDER,Bharatiya Janata Party,31266,24/24,Result Declared,2,SOUTH 24 PARGANAS,125553,119541,3,245097
DINHATA,7,AJAY RAY,Bharatiya Janata Party,UDAYAN GUHA,All India Trinamool Congress,17447,25/25,Result Declared,1,COOCHBEHAR,143513,133778,0,277291
DOMJUR,184,TAPAS MAITY,All India Trinamool Congress,GOBINDA HAZRA,Bharatiya Janata Party,42177,22/22,Result Declared,2,HOWRAH,136227,133003,6,269236
DOMKAL,75,MD. MOSTAFIJUR RAHAMAN,Communist Party of India (Marxist),HUMAYUN KABIR,All India Trinamool Congress,16296,18/18,Result Declared,1,MURSHIDABAD,137988,129383,3,267374
DUBRAJPUR,284,ANUP KUMAR SAHA,Bharatiya Janata Party,NARESH CHANDRA BAURI,All India Trinamool Congress,27647,21/21,Result Declared,1,BIRBHUM,120292,111210,1,231503
DUM DUM,114,ARIJIT BAKSHI,Bharatiya Janata Party,BRATYABRATA BASU,All India Trinamool Congress,25273,15/15,Result Declared,2,NORTH 24 PARGANAS,105629,111908,4,217541
DUM DUM UTTAR,110,SOURAV SIKDAR,Bharatiya Janata Party,CHANDRIMA BHATTACHARYA,All India Trinamool Congress,26404,16/16,Result Declared,2,NORTH 24 PARGANAS,118324,122013,4,240341
DURGAPUR PASCHIM,277,LAKSHMAN CHANDRA GHORUI,Bharatiya Janata Party,KABI DUTTA,All India Trinamool Congress,37598,21/21,Result Declared,1,PASCHIM BARDHAMAN,121281,117415,4,238700
DURGAPUR PURBA,276,CHANDRA SEKHAR BANERJEE,Bharatiya Janata Party,PRADIP MAZUMDAR,All India Trinamool Congress,30934,19/19,Result Declared,1,PASCHIM BARDHAMAN,118400,118726,1,237127
EGRA,218,ADHIKARI DIBYENDU,Bharatiya Janata Party,TARUN KUMAR MAITY,All India Trinamool Congress,25692,18/18,Result Declared,1,PURBO MEDINIPUR,150273,141325,0,291598
ENGLISH BAZAR,51,AMLAN BHADURI (BURO),Bharatiya Janata Party,ASIS KUNDU (PATA),All India Trinamool Congress,93784,22/22,Result Declared,1,MALDA,123959,125171,7,249137
ENTALLY,163,SANDIPAN SAHA,All India Trinamool Congress,DR. PRIYANKA TIBREWAL,Bharatiya Janata Party,34006,21/21,Result Declared,2,KOLKATA NORTH,91760,87109,8,178877
FALAKATA,13,DIPAK BARMAN,Bharatiya Janata Party,SUBHASH CHANDRA ROY,All India Trinamool Congress,45999,24/24,Result Declared,1,ALIPURDUAR,126099,119160,5,245264
FALTA,144,-,-,-,-,-,-,Result in Progress,2,SOUTH 24 PARGANAS,121300,115135,9,236444
FARAKKA,55,MOTAB SHAIKH,Indian National Congress,SUNIL CHOWDHURI,Bharatiya Janata Party,8193,19/19,Result Declared,1,MURSHIDABAD,93170,88485,4,181659
GAIGHATA,97,SUBRATA THAKUR,Bharatiya Janata Party,NAROTTAM BISWAS,All India Trinamool Congress,47683,20/20,Result Declared,2,NORTH 24 PARGANAS,113921,108799,3,222723
GALSI,274,RAJU PATRA,Bharatiya Janata Party,ALOK KUMAR MAJHI,All India Trinamool Congress,10494,20/20,Result Declared,2,PURBA BARDHAMAN,123314,120638,3,243955
GANGARAMPUR,41,SATYENDRA NATH ROY,Bharatiya Janata Party,Goutam Das,All India Trinamool Congress,28339,18/18,Result Declared,1,DAKSHIN DINAJPUR,103818,96318,10,200146
GARBETA,233,PRADIP LODHA,Bharatiya Janata Party,UTTARA SINGHA (HAZRA),All India Trinamool Congress,26225,18/18,Result Declared,1,PASCHIM MEDINIPUR,119647,113233,1,232881
GAZOLE,44,CHINMOY DEB BARMAN,Bharatiya Janata Party,PRASENJIT DAS,All India Trinamool Congress,38192,21/21,Result Declared,1,MALDA,129859,125223,3,255085
GHATAL,231,SITAL KAPAT,Bharatiya Janata Party,SHYAMALI SARDAR,All India Trinamool Congress,37657,19/19,Result Declared,1,PASCHIM MEDINIPUR,141189,135380,0,276569
GOALPOKHAR,30,MD GHULAM RABBANI,All India Trinamool Congress,SARAJIT BISWAS,Bharatiya Janata Party,83790,19/19,Result Declared,1,UTTAR DINAJPUR,107310,92154,4,199468
GOGHAT,201,PRASANTA DIGAR,Bharatiya Janata Party,DR. NIRMAL MAJI,All India Trinamool Congress,49582,24/24,Result Declared,2,HOOGHLY,126697,121378,1,248076
GOPIBALLAVPUR,221,RAJESH MAHATA,Bharatiya Janata Party,AJIT MAHATA,All India Trinamool Congress,26675,25/25,Result Declared,1,JHARGRAM,115030,112763,0,227793
GOSABA,127,BIKARNA NASKAR,Bharatiya Janata Party,SUBRATA MONDAL,All India Trinamool Congress,16100,21/21,Result Declared,2,SOUTH 24 PARGANAS,115665,105663,4,221332
HABIBPUR,43,JOYEL MURMU,Bharatiya Janata Party,AMAL KISKU,All India Trinamool Congress,78188,20/20,Result Declared,1,MALDA,120886,117339,5,238230
HABRA,100,DEBDAS MONDAL,Bharatiya Janata Party,JYOTI PRIYA MALLICK,All India Trinamool Congress,31462,19/19,Result Declared,2,NORTH 24 PARGANAS,107658,101156,8,208822
HALDIA,209,PRADIP KUMAR BIJALI,Bharatiya Janata Party,TAPASI MONDAL,All India Trinamool Congress,49062,21/21,Result Declared,1,PURBO MEDINIPUR,129419,122487,13,251919
HANSAN,292,FAYEZUL HAQUE (KAJAL SK),All India Trinamool Congress,NIKHIL BANERJEE,Bharatiya Janata Party,28298,22/22,Result Declared,1,BIRBHUM,120644,116625,4,237273
HARIHARPARA,73,NIAMOT SHEIKH,All India Trinamool Congress,BIJOY SEKHA,am Janata Unnayan party,12665,22/22,Result Declared,1,MURSHIDABAD,126586,118890,8,245484
HARINGHATA,93,ASIM KUMAR SARKAR,Bharatiya Janata Party,DR. RAJIB BISWAS.,All India Trinamool Congress,22055,22/22,Result Declared,2,NADIA,116952,108152,5,225109
HARIPAL,196,MADHUMITA GHOSH,Bharatiya Janata Party,KARABI MANNA,All India Trinamool Congress,3488,27/27,Result Declared,2,HOOGHLY,133319,130853,3,264175
HARIRAMPUR,42,BIPLAB MITRA,All India Trinamool Congress,DEBABRATA MAJUMDER,Bharatiya Janata Party,1986,18/18,Result Declared,1,DAKSHIN DINAJPUR,108885,102402,8,211295
HARISCHANDRAPUR,46,MD. MATIBUR RAHAMAN,All India Trinamool Congress,RATAN DAS,Bharatiya Janata Party,48271,21/21,Result Declared,1,MALDA,126029,112818,3,238850
HAROA,121,ABDUL MATIN MUHAMMAD,All India Trinamool Congress,PIYARUL ISLAM,All India Secular Front,49341,22/22,Result Declared,2,NORTH 24 PARGANAS,127503,115892,5,243400
HEMTABAD,33,HARIPADA BARMAN,Bharatiya Janata Party,SATYAJIT BARMAN,All India Trinamool Congress,12361,15/15,Result Declared,1,UTTAR DINAJPUR,130939,115587,4,246530
HINGALGANJ,126,REKHA PATRA,Bharatiya Janata Party,ANANDA SARKAR,All India Trinamool Congress,5421,19/19,Result Declared,2,NORTH 24 PARGANAS,112034,103084,4,215122
HOWRAH DAKSHIN,173,NANDITA CHOWDHURY,All India Trinamool Congress,SHYAMAL KUMAR HATI,Bharatiya Janata Party,7828,22/22,Result Declared,2,HOWRAH,121230,119375,2,240607
HOWRAH MADHYA,171,ARUP ROY,All India Trinamool Congress,BIPLAB KUMAR MANDAL,Bharatiya Janata Party,16083,17/17,Result Declared,2,HOWRAH,109112,105707,2,214821
HOWRAH UTTAR,170,UMESH RAI,Bharatiya Janata Party,GAUTAM CHOWDHURY,All India Trinamool Congress,11250,18/18,Result Declared,2,HOWRAH,78911,71029,8,149948
INDUS,257,NIRMAL KUMAR DHARA,Bharatiya Janata Party,SHYAMALI ROY BAGDI,All India Trinamool Congress,900,22/22,Result Declared,1,BANKURA,124899,120368,0,245267
ISLAMPUR,29,AGARWAL KANAIA LAL,All India Trinamool Congress,CHITRAJIT ROY,Bharatiya Janata Party,40063,18/18,Result Declared,1,UTTAR DINAJPUR,107891,94318,8,202217
ITAHAR,36,MOSARAF HUSSEN,All India Trinamool Congress,SABITA BARMAN,Bharatiya Janata Party,27878,15/15,Result Declared,1,UTTAR DINAJPUR,110488,100929,5,211422
JADAVPUR,150,SARBORI MUKHERJEE,Bharatiya Janata Party,DEBABRATA MAJUMDAR (MALAY),All India Trinamool Congress,27716,26/26,Result Declared,2,SOUTH 24 PARGANAS,124529,136288,4,260821
JAGATBALLAVPUR,183,ANUPAM GHOSH,Bharatiya Janata Party,SUBIR CHATTERJEE (TINKAI),All India Trinamool Congress,6671,19/19,Result Declared,2,HOWRAH,139266,131534,6,270806
JAGATDAL,106,DR. RAJESH KUMAR,Bharatiya Janata Party,SOMENATH SHYAM ICHINI,All India Trinamool Congress,20909,11/11,Result Declared,2,NORTH 24 PARGANAS,99648,95971,11,195630
JALANGI,76,BABAR ALI,All India Trinamool Congress,IANUS ALI SARKAR,Communist Party of India (Marxist),21516,18/18,Result Declared,1,MURSHIDABAD,136138,126647,2,262787
JALPAIGURI,17,ANANTA DEB ADHIKARY,Bharatiya Janata Party,KRISHNA DAS,All India Trinamool Congress,68805,19/19,Result Declared,1,JALPAIGURI,126563,123816,2,250381
JAMALPUR,262,ARUN HALDER,Bharatiya Janata Party,BHUTNATH MALIK,All India Trinamool Congress,11178,14/14,Result Declared,2,PURBA BARDHAMAN,114250,111213,5,225468
JAMURIA,279,DR. BIJAN MUKHERJEE,Bharatiya Janata Party,HARERAM SINGH,All India Trinamool Congress,22514,15/15,Result Declared,1,PASCHIM BARDHAMAN,102051,94492,2,196545
JANGIPARA,195,PROSENJIT BAG,Bharatiya Janata Party,SNEHASIS CHAKRABORTY,All India Trinamool Congress,862,24/24,Result Declared,2,HOOGHLY,128123,122942,4,251069
JANGIPUR,58,CHITTA MUKHERJEE,Bharatiya Janata Party,JAKIR HOSSAIN,All India Trinamool Congress,10542,21/21,Result Declared,1,MURSHIDABAD,113009,107846,4,220859
JAYNAGAR,136,BISWANATH DAS,All India Trinamool Congress,ALOKE HALDER,Bharatiya Janata Party,26350,18/18,Result Declared,2,SOUTH 24 PARGANAS,118512,108720,6,227238
JHARGRAM,222,LAKSHMI KANTA SAU,Bharatiya Janata Party,MONGAL SAREN,All India Trinamool Congress,38147,24/24,Result Declared,1,JHARGRAM,116849,118294,4,235147
JORASANKO,165,VIJAY OJHA,Bharatiya Janata Party,VIJAY UPADHYAY,All India Trinamool Congress,5797,22/22,Result Declared,2,KOLKATA NORTH,65654,57032,0,122686
JOYPUR,241,BISWAJIT MAHATO,Bharatiya Janata Party,ARJUN MAHATO,All India Trinamool Congress,22218,24/24,Result Declared,1,PURULIA,132130,121693,2,253825
KAKDWIP,131,DIPANKAR JANA,Bharatiya Janata Party,MANTURAM PAKHIRA,All India Trinamool Congress,4760,22/22,Result Declared,2,SOUTH 24 PARGANAS,126170,115546,4,241720
KALCHINI,11,BISHAL LAMA,Bharatiya Janata Party,BIRENDRA BARA (ORAON),All India Trinamool Congress,37843,23/23,Result Declared,1,ALIPURDUAR,109713,111742,2,221457
KALIAGANJ,34,UTPAL BRAHMACHARO,Bharatiya Janata Party,NITAI BAISHYA,All India Trinamool Congress,76425,19/19,Result Declared,1,UTTAR DINAJPUR,140401,127867,13,268281
KALIGANJ,80,ALIFA AHMED,All India Trinamool Congress,BAPAN GHOSH,Bharatiya Janata Party,10172,16/16,Result Declared,2,NADIA,121552,110905,3,232460
KALIMPONG,22,BHARAT KUMAR CHETRI,Bharatiya Janata Party,RUDEN SADA LEPCHA,Bharatiya Gorkha Prajatantrik Morcha,21464,12/12,Result Declared,1,KALIMPONG,100846,100773,0,201619
KALNA,264,SIDDHARTHA MAJUMDAR,Bharatiya Janata Party,DEBO PRASAD BAG (POLTU),All India Trinamool Congress,28630,21/21,Result Declared,2,PURBA BARDHAMAN,115511,110854,5,226370
KALYANI,92,ANUPAM BISWAS,Bharatiya Janata Party,DR. ATINDRA NATH MONDAL,All India Trinamool Congress,34792,23/23,Result Declared,2,NADIA,117783,112699,7,230489
KAMARHATI,112,MADAN MITRA,All India Trinamool Congress,ARUP CHOUDHURY (PULAK),Bharatiya Janata Party,5646,11/11,Result Declared,2,NORTH 24 PARGANAS,80693,81947,6,162646
KANDI,68,GARGI DAS GHOSH,Bharatiya Janata Party,APURBA SARKAR (DAVID),All India Trinamool Congress,10335,14/14,Result Declared,1,MURSHIDABAD,120346,112675,3,233024
KANTHI DAKSHIN,216,ARUP KUMAR DAS,Bharatiya Janata Party,TARUN KUMAR JANA,All India Trinamool Congress,31472,26/26,Result Declared,1,PURBO MEDINIPUR,115841,112113,0,227954
KANTHI UTTAR,213,SUMITA SINHA,Bharatiya Janata Party,DEBASIS BHUNYA,All India Trinamool Congress,20055,26/26,Result Declared,1,PURBO MEDINIPUR,136573,127029,0,263602
KARANDIGHI,32,BIRAJ BISWAS,Bharatiya Janata Party,GOUTAM PAUL,All India Trinamool Congress,19869,15/15,Result Declared,1,UTTAR DINAJPUR,121620,109975,4,231599
KARIMPUR,77,SAMARENDRANATH GHOSH,Bharatiya Janata Party,SOHAM CHAKRABORTY,All India Trinamool Congress,10185,23/23,Result Declared,2,NADIA,130536,122305,3,252844
KASBA,149,AHMED JAVED KHAN,All India Trinamool Congress,BANERJEE SANDIP,Bharatiya Janata Party,20974,23/23,Result Declared,2,SOUTH 24 PARGANAS,131451,134158,7,265616
KASHIPUR,244,KAMALA KANTA HANSDA,Bharatiya Janata Party,SOUMEN BELTHARIA,All India Trinamool Congress,21276,16/16,Result Declared,1,PURULIA,116541,113011,0,229552
KASHIPUR-BELGACHHIA,168,RITESH TIWARI,Bharatiya Janata Party,ATIN GHOSH,All India Trinamool Congress,1651,21/21,Result Declared,2,KOLKATA NORTH,85715,82219,2,167936
KATULPUR,256,LAKSHMI KANTA MAJUMDAR,Bharatiya Janata Party,HARAKALI PROTIHER,All India Trinamool Congress,34367,25/25,Result Declared,1,BANKURA,129495,124201,1,253697
KATWA,270,KRISHNA GHOSH,Bharatiya Janata Party,RABINDRANATH CHATTERJEE,All India Trinamool Congress,35066,15/15,Result Declared,2,PURBA BARDHAMAN,131414,125395,2,256811
KESHIARY,223,BHADRA HEMRAM,Bharatiya Janata Party,RAMJIBAN MANDI,All India Trinamool Congress,15887,22/22,Result Declared,1,PASCHIM MEDINIPUR,122435,116334,0,238769
KESHPUR,235,SEULI SAHA,All India Trinamool Congress,SUVENDU SAMANTA,Bharatiya Janata Party,50105,23/23,Result Declared,1,PASCHIM MEDINIPUR,139086,128948,0,268034
KETUGRAM,271,ANADI GHOSH,Bharatiya Janata Party,SEKH SAHONAWEZ,All India Trinamool Congress,27610,16/16,Result Declared,2,PURBA BARDHAMAN,120601,113433,1,234035
KHANAKUL,202,SUSANTA GHOSH,Bharatiya Janata Party,PALASH KUMAR ROY,All India Trinamool Congress,34483,19/19,Result Declared,2,HOOGHLY,138468,130098,4,268570
KHANDAGHOSH,259,NABIN CHANDRA BAG,All India Trinamool Congress,GOUTAM DHARA,Bharatiya Janata Party,8284,14/14,Result Declared,2,PURBA BARDHAMAN,118049,115630,0,233679
KHARAGPUR,228,DINEN ROY,All India Trinamool Congress,TAPAN BHUYA,Bharatiya Janata Party,2872,19/19,Result Declared,1,PASCHIM MEDINIPUR,109810,108328,4,218142
KHARAGPUR SADAR,224,DILIP GHOSH,Bharatiya Janata Party,PRADIP SARKAR,All India Trinamool Congress,30506,20/20,Result Declared,1,PASCHIM MEDINIPUR,88980,91542,8,180530
KHARDAHA,109,KALYAN CHAKRABORTI,Bharatiya Janata Party,DEVADEEP PUROHIT,All India Trinamool Congress,24486,13/13,Result Declared,2,NORTH 24 PARGANAS,104991,104857,7,209855
KHARGRAM,66,MITALI MAL,Bharatiya Janata Party,ASHIS MARJIT,All India Trinamool Congress,9333,15/15,Result Declared,1,MURSHIDABAD,120073,110389,2,230464
KHEJURI,215,SUBRATA PAIK,Bharatiya Janata Party,RABIN CHANDRA MANDAL,All India Trinamool Congress,32690,22/22,Result Declared,1,PURBO MEDINIPUR,129500,118476,0,247976
KOLKATA PORT,158,FIRHAD HAKIM,All India Trinamool Congress,RAKESH SINGH,Bharatiya Janata Party,56080,19/19,Result Declared,2,KOLKATA SOUTH,91335,80275,5,171615
KRISHNAGANJ,88,SUKANTA BISWAS,Bharatiya Janata Party,SAMIR KUMAR PODDAR,All India Trinamool Congress,60899,15/15,Result Declared,2,NADIA,132520,120515,1,253036
KRISHNANAGAR DAKSHIN,85,SADHAN GHOSH,Bharatiya Janata Party,UJJAL BISWAS,All India Trinamool Congress,27801,14/14,Result Declared,2,NADIA,109405,100374,2,209781
KRISHNANAGAR UTTAR,83,TARAK NATH CHATTERJEE,Bharatiya Janata Party,SOMNATH DUTTA,All India Trinamool Congress,78361,14/14,Result Declared,2,NADIA,109610,106841,5,216456
KULPI,133,BARNALI DHARA,All India Trinamool Congress,ABANI NASKAR,Bharatiya Janata Party,10383,19/19,Result Declared,2,SOUTH 24 PARGANAS,112797,103818,5,216620
KULTALI,129,GANESH CHANDRA MONDAL,All India Trinamool Congress,MADHABI MAHALDER,Bharatiya Janata Party,59276,19/19,Result Declared,2,SOUTH 24 PARGANAS,138128,123591,17,261736
KULTI,282,AJAY KUMAR PODDAR,Bharatiya Janata Party,ABHIJIT GHATAK,All India Trinamool Congress,26498,16/16,Result Declared,1,PASCHIM BARDHAMAN,109712,100837,4,210553
KUMARGANJ,38,TORAF HOSSAIN MANDAL,All India Trinamool Congress,SUBHENDU SARKAR,Bharatiya Janata Party,6685,17/17,Result Declared,1,DAKSHIN DINAJPUR,93373,87008,4,180385
KUMARGRAM,10,MANOJ KUMAR ORAON,Bharatiya Janata Party,RAJEEV TIRKEY,All India Trinamool Congress,52877,24/24,Result Declared,1,ALIPURDUAR,134118,125375,3,259496
KURSEONG,24,SONAM LAMA,Bharatiya Janata Party,AMAR LAMA,Bharatiya Gorkha Prajatantrik Morcha,17007,15/15,Result Declared,1,DARJEELING,106014,110135,3,216152
KUSHMANDI,37,TAPAS CHANDRA ROY,Bharatiya Janata Party,REKHA ROY,All India Trinamool Congress,9063,20/20,Result Declared,1,DAKSHIN DINAJPUR,108310,97553,4,205867
LABPUR,288,DEBASIS OJHA (HAKU DA),Bharatiya Janata Party,ABHIJIT SINHA (RANA),All India Trinamool Congress,3550,21/21,Result Declared,1,BIRBHUM,120302,114326,2,234630
LALGOLA,61,ABDUL AZIZ DOCTOR,All India Trinamool Congress,TOUHIDUR RAHAMAN SUMAN,Indian National Congress,18960,20/20,Result Declared,1,MURSHIDABAD,94311,91868,3,186182
MADARIHAT,14,LAXUMAN LIMBU,Bharatiya Janata Party,JAYPRAKASH TOPPO,All India Trinamool Congress,40910,19/19,Result Declared,1,ALIPURDUAR,96262,97695,1,193958
MADHYAMGRAM,118,RATHIN GHOSH,All India Trinamool Congress,ANINDYA BANERJEE,Bharatiya Janata Party,2399,17/17,Result Declared,2,NORTH 24 PARGANAS,123863,120618,4,244485
MAGRAHAT PASCHIM,142,MD. SAMIM AHAMED MOLLA,All India Trinamool Congress,GOURSUNDAR GHOSH,Bharatiya Janata Party,58503,19/19,Result Declared,2,SOUTH 24 PARGANAS,113942,103074,6,217022
MAGRAHAT PURBA,141,SARMISTHA PURKAIT,All India Trinamool Congress,UTTAM KUMAR BANIK,Bharatiya Janata Party,31607,21/21,Result Declared,2,SOUTH 24 PARGANAS,122770,109817,2,232589
MAHESHTALA,155,SUBHASIS DAS,All India Trinamool Congress,TAMANATH BHOWMICK,Bharatiya Janata Party,32913,17/17,Result Declared,2,SOUTH 24 PARGANAS,122964,120390,11,243365
MAHISADAL,208,SUBHAS CHANDRA PANJA,Bharatiya Janata Party,TILAK KUMAR CHAKRABORTY,All India Trinamool Congress,26238,22/22,Result Declared,1,PURBO MEDINIPUR,129878,123643,2,253523
MAL,20,SUKRA MUNDA,Bharatiya Janata Party,BULU CHIK BARAIK,All India Trinamool Congress,15492,19/19,Result Declared,1,JALPAIGURI,118926,118526,0,237452
MALATIPUR,47,ABDUR RAHIM BOXI,All India Trinamool Congress,MAUSAM B NOOR,Indian National Congress,59747,20/20,Result Declared,1,MALDA,113524,99158,9,212691
MALDAHA,50,GOPAL CHANDRA SAHA,Bharatiya Janata Party,LIPIKA BARMAN GHOSH,All India Trinamool Congress,50128,21/21,Result Declared,1,MALDA,117002,114341,5,231348
MANBAZAR,243,MAYNA MURMU,Bharatiya Janata Party,SANDHYA RANI TUDU,All India Trinamool Congress,27283,16/16,Result Declared,1,PURULIA,129457,126002,1,255460
MANDIRBAZAR,135,JOYDEB HALDER S/O - KARTICK CHANDRA HALDER,All India Trinamool Congress,MALLIKA PAIK W/O - ASHOK PAIK,Bharatiya Janata Party,1995,22/22,Result Declared,2,SOUTH 24 PARGANAS,115580,106506,4,222090
MANGALKOT,272,SHISHIR GHOSH,Bharatiya Janata Party,APURBA CHOWDHURY (ACHAL),All India Trinamool Congress,12723,18/18,Result Declared,2,PURBA BARDHAMAN,118847,113135,2,231984
MANIKCHAK,49,GOUR CHANDRA MANDAL,Bharatiya Janata Party,KABITA MANDAL,All India Trinamool Congress,13938,21/21,Result Declared,1,MALDA,124739,111024,2,235765
MANIKTALA,167,TAPAS ROY,Bharatiya Janata Party,SHRREYA PANDE,All India Trinamool Congress,15644,20/20,Result Declared,2,KOLKATA NORTH,83022,82876,8,165906
MATHABHANGA,2,NISHITH PRAMANIK,Bharatiya Janata Party,DR. SABLU BARMAN,All India Trinamool Congress,57090,24/24,Result Declared,1,COOCHBEHAR,129331,119425,1,248757
MATIGARA-NAXALBARI,25,ANANDAMAY BARMAN,Bharatiya Janata Party,SHANKAR MALAKAR,All India Trinamool Congress,104265,14/14,Result Declared,1,DARJEELING,133571,134906,3,268480
MAYNAGURI,16,DALIM CHANDRA ROY,Bharatiya Janata Party,RAMMOHAN RAY,All India Trinamool Congress,56503,17/17,Result Declared,1,JALPAIGURI,133769,124776,0,258545
MAYURESWAR,290,DUDH KUMAR MONDAL,Bharatiya Janata Party,ABHIJIT ROY,All India Trinamool Congress,21002,20/20,Result Declared,1,BIRBHUM,113597,112273,4,225874
MEDINIPUR,236,SANKAR KUMAR GUCHHAIT,Bharatiya Janata Party,SUJOY HAZRA,All India Trinamool Congress,38747,21/21,Result Declared,1,PASCHIM MEDINIPUR,128848,131447,0,260295
MEKLIGANJ,1,DADHIRAM RAY,Bharatiya Janata Party,ADHIKARY PARESH CHANDRA,All India Trinamool Congress,29584,19/19,Result Declared,1,COOCHBEHAR,116228,108183,2,224413
MEMARI,265,MANAB GUHA,Bharatiya Janata Party,RASH BIHARI HALDER,All India Trinamool Congress,7106,15/15,Result Declared,2,PURBA BARDHAMAN,120690,118905,6,239601
METIABURUZ,157,ABDUL KHALEQUE MOLLA,All India Trinamool Congress,BIR BAHADUR SINGH,Bharatiya Janata Party,87879,11/11,Result Declared,2,SOUTH 24 PARGANAS,100723,88768,3,189494
MINAKHAN,122,USHA RANI MONDAL,All India Trinamool Congress,RUDRENDRA PATRA,Bharatiya Janata Party,32292,20/20,Result Declared,2,NORTH 24 PARGANAS,119376,102631,4,222011
MONTESWAR,263,SAIKAT PANJA,Bharatiya Janata Party,CHOWDHURI SIDDIQULLAH,All India Trinamool Congress,14798,21/21,Result Declared,2,PURBA BARDHAMAN,109788,106971,5,216764
MOTHABARI,52,ISLAM MD NAJRUL,All India Trinamool Congress,NIBARAN GHOSH,Bharatiya Janata Party,10496,17/17,Result Declared,1,MALDA,86660,82681,6,169347
MOYNA,206,ASHOKE DINDA,Bharatiya Janata Party,CHANDAN MONDAL,All India Trinamool Congress,16241,17/17,Result Declared,1,PURBO MEDINIPUR,137302,127667,2,264971
MURARAI,294,DR. MOSARRAF HOSSAIN,All India Trinamool Congress,SANJIBUR RAHAMAN (BAPPA),Indian National Congress,37705,22/22,Result Declared,1,BIRBHUM,129432,122571,1,252004
MURSHIDABAD,64,GOURI SANKAR GHOSH,Bharatiya Janata Party,SHAONI SINGHA ROY,All India Trinamool Congress,31521,23/23,Result Declared,1,MURSHIDABAD,126372,121896,1,248269
NABADWIP,84,SRUTISEKHAR GOSWAMI,Bharatiya Janata Party,PUNDARIKAKSHYA SAHA,All India Trinamool Congress,21444,14/14,Result Declared,2,NADIA,118182,111826,3,230011
NABAGRAM,65,DILIP SAHA,Bharatiya Janata Party,PRONAB CHANDRA DAS,All India Trinamool Congress,5919,25/25,Result Declared,1,MURSHIDABAD,124325,118697,3,243025
NAGRAKATA,21,PUNA BHENGRA,Bharatiya Janata Party,SANJAY KUJUR,All India Trinamool Congress,25858,19/19,Result Declared,1,JALPAIGURI,107824,112292,2,220118
NAIHATI,104,SUMITRO CHATTERJEE,Bharatiya Janata Party,SANAT DEY,All India Trinamool Congress,10430,12/12,Result Declared,2,NORTH 24 PARGANAS,85321,85251,9,170581
NAKASHIPARA,81,SANTANU DEY,Bharatiya Janata Party,KALLOL KHAN,All India Trinamool Congress,17327,13/13,Result Declared,2,NADIA,115752,102914,3,218669
NALHATI,293,RAJENDRA PRASAD SINGH(RAJU SINGH),All India Trinamool Congress,ANIL KUMAR SINGH,Bharatiya Janata Party,13446,21/21,Result Declared,1,BIRBHUM,118102,113572,7,231681
NANDAKUMAR,207,KHANRA NIRMAL,Bharatiya Janata Party,SUKUMAR DE,All India Trinamool Congress,30603,15/15,Result Declared,1,PURBO MEDINIPUR,136102,128332,3,264437
NANDIGRAM,210,ADHIKARI SUVENDU,Bharatiya Janata Party,PABITRA KAR,All India Trinamool Congress,9665,19/19,Result Declared,1,PURBO MEDINIPUR,138934,127480,1,266415
NANOOR,287,BIDHAN CHANDRA MAJHI,All India Trinamool Congress,KHOKAN DAS,Bharatiya Janata Party,8122,24/24,Result Declared,1,BIRBHUM,137576,131502,4,269082
NARAYANGARH,225,GIRI RAMAPRASAD,Bharatiya Janata Party,PRATIBHA MAITI,All India Trinamool Congress,20367,22/22,Result Declared,1,PASCHIM MEDINIPUR,122439,116625,0,239064
NATABARI,8,GIRIJA SHANKAR RAY,Bharatiya Janata Party,SAILENDRA NATH BARMA,All India Trinamool Congress,34613,22/22,Result Declared,1,COOCHBEHAR,123248,116669,6,239923
NAYAGRAM,220,AMIYA KISKU,Bharatiya Janata Party,DULAL MURMU,All India Trinamool Congress,6424,21/21,Result Declared,1,JHARGRAM,116484,110409,1,226894
NOAPARA,107,ARJUN SINGH,Bharatiya Janata Party,TRINANKUR BHATTACHARJEE,All India Trinamool Congress,17656,14/14,Result Declared,2,NORTH 24 PARGANAS,107095,106628,4,213727
NOWDA,74,HUMAYUN KABIR,Aam Janata Unnayan party,RANA MANDAL,Bharatiya Janata Party,27943,21/21,Result Declared,1,MURSHIDABAD,122837,112898,2,235737
ONDA,254,AMARNATH SHAKHA,Bharatiya Janata Party,SUBRATA DUTTA (GOPI),All India Trinamool Congress,31723,23/23,Result Declared,1,BANKURA,134404,128004,0,262408
PALASHIPARA,79,RUKBANUR RAHMAN,All India Trinamool Congress,ANIMA DUTTA,Bharatiya Janata Party,11454,22/22,Result Declared,2,NADIA,122063,109553,4,231620
PANCHLA,175,GULSAN MULLICK,All India Trinamool Congress,RANJAN PAUL,Bharatiya Janata Party,38320,18/18,Result Declared,2,HOWRAH,130039,118455,3,248497
PANDABESWAR,275,JITENDRA KUMAR TEWARI,Bharatiya Janata Party,NARENDRANATH CHAKRABORTY,All India Trinamool Congress,1398,13/13,Result Declared,1,PASCHIM BARDHAMAN,97444,90945,1,188390
PANDUA,192,TUSAR KUMAR MAJUMDAR,Bharatiya Janata Party,SAMIR CHAKRABORTY,All India Trinamool Congress,5228,13/13,Result Declared,2,HOOGHLY,124729,124345,7,249081
PANIHATI,111,RATNA DEBNATH,Bharatiya Janata Party,TIRTHANKAR GHOSH,All India Trinamool Congress,28836,13/13,Result Declared,2,NORTH 24 PARGANAS,93805,95905,4,189714
PANSKURA PASCHIM,205,SINTU SENAPATI,Bharatiya Janata Party,SIRAJ KHAN,All India Trinamool Congress,32567,18/18,Result Declared,1,PURBO MEDINIPUR,143192,135551,1,278744
PANSKURA PURBA,204,SUBRATA MAITY(RANA),Bharatiya Janata Party,ASHIM KUMAR MAJI,All India Trinamool Congress,17903,12/12,Result Declared,1,PURBO MEDINIPUR,122702,115811,6,238519
PARA,245,NADIAR CHAND BOURI,Bharatiya Janata Party,MANIK CHANDRA BAURI,All India Trinamool Congress,33721,23/23,Result Declared,1,PURULIA,123039,113081,0,236120
PATASHPUR,212,TAPAN MAITY,Bharatiya Janata Party,PIJUS KANTI PANDA,All India Trinamool Congress,9051,18/18,Result Declared,1,PURBO MEDINIPUR,128328,118708,1,247037
PATHARPRATIMA,130,SAMIR KUMAR JANA,All India Trinamool Congress,ASIT KUMAR HALDAR,Bharatiya Janata Party,487,23/23,Result Declared,2,SOUTH 24 PARGANAS,135804,121898,2,257704
PHANSIDEWA,27,DURGA MURMU,Bharatiya Janata Party,REENA TOPNO EKKA,All India Trinamool Congress,45263,15/15,Result Declared,1,DARJEELING,109526,107769,3,217298
PINGLA,227,SWAGATA MANNA,Bharatiya Janata Party,AJIT MAITY,All India Trinamool Congress,18480,24/24,Result Declared,1,PASCHIM MEDINIPUR,130604,125287,1,255892
PURBASTHALI DAKSHIN,268,PRAN KRISHNA TAPADAR,Bharatiya Janata Party,SWAPAN DEBNATH,All India Trinamool Congress,16662,20/20,Result Declared,2,PURBA BARDHAMAN,120297,112279,1,232577
PURBASTHALI UTTAR,269,GOPAL CHATTOPADHYAY,Bharatiya Janata Party,VASUNDHARA GOSWAMI,All India Trinamool Congress,30226,21/21,Result Declared,2,PURBA BARDHAMAN,125849,113625,6,239480
PURSURAH,199,BIMAN GHOSH,Bharatiya Janata Party,PARTHA HAZARI,All India Trinamool Congress,53453,15/15,Result Declared,2,HOOGHLY,132393,127196,1,259590
PURULIA,242,SUDIP KUMAR MUKHERJEE,Bharatiya Janata Party,SUJOY BANERJEE,All India Trinamool Congress,49253,22/22,Result Declared,1,PURULIA,128610,123203,3,251816
RAGHUNATHGANJ,59,AKHRUZZAMAN,All India Trinamool Congress,NASIR SAIKH,Indian National Congress,40555,21/21,Result Declared,1,MURSHIDABAD,103911,96541,0,200452
RAGHUNATHPUR,246,MAMONI BAURI,Bharatiya Janata Party,HAZARI BOURI,All India Trinamool Congress,44059,16/16,Result Declared,1,PURULIA,129612,124410,1,254023
RAIDIGHI,134,TAPAS MONDAL S/O-SHIBPRASAD MONDAL,All India Trinamool Congress,PALASH RANA,Bharatiya Janata Party,595,23/23,Result Declared,2,SOUTH 24 PARGANAS,139455,128386,5,267846
RAIGANJ,35,KOUSHIK CHOWDHURY,Bharatiya Janata Party,KRISHNA KALYANI,All India Trinamool Congress,58641,14/14,Result Declared,1,UTTAR DINAJPUR,87504,86601,21,174126
RAINA,261,SUBHASH PATRA,Bharatiya Janata Party,MANDIRA DALUI,All India Trinamool Congress,834,14/14,Result Declared,2,PURBA BARDHAMAN,124871,121186,3,246060
RAIPUR,250,KSHETRAMOHAN HANSDA,Bharatiya Janata Party,THAKURMANI SAREN,All India Trinamool Congress,28742,14/14,Result Declared,1,BANKURA,113171,110949,0,224120
RAJARHAT GOPALPUR,117,TARUNJYOTI TEWARI,Bharatiya Janata Party,ADITI MUNSHI,All India Trinamool Congress,27757,14/14,Result Declared,2,NORTH 24 PARGANAS,106453,112429,8,218890
RAJARHAT NEW TOWN,115,TAPASH CHATTERJEE,All India Trinamool Congress,PIYUSH KANODIA,Bharatiya Janata Party,323,17/18,Result in Progress,2,NORTH 24 PARGANAS,136100,131541,4,267645
RAJGANJ,18,DINESH SARKAR,Bharatiya Janata Party,SWAPNA BARMAN,All India Trinamool Congress,21477,13/13,Result Declared,1,JALPAIGURI,119299,111495,1,230795
RAMNAGAR,217,DR. CHANDRA SEKHAR MONDAL,Bharatiya Janata Party,AKHIL GIRI,All India Trinamool Congress,26939,26/26,Result Declared,1,PURBO MEDINIPUR,137559,131690,3,269252
RAMPURHAT,291,DHRUBA SAHA,Bharatiya Janata Party,ASISH BANERJEE,All India Trinamool Congress,24233,23/23,Result Declared,1,BIRBHUM,121631,123527,1,245159
RANAGHAT DAKSHIN,90,ASHIM KUMAR BISWAS,Bharatiya Janata Party,SOUGATA KUMAR BURMAN,All India Trinamool Congress,64464,17/17,Result Declared,2,NADIA,130916,122428,2,253346
RANAGHAT UTTAR PASCHIM,87,PARTHA SARATHI CHATTERJEE(BABU),Bharatiya Janata Party,TAPAS KUMAR GHOSH,All India Trinamool Congress,57551,16/16,Result Declared,2,NADIA,119177,113531,8,232716
RANAGHAT UTTAR PURBA,89,ASHIM BISWAS,Bharatiya Janata Party,BARNALI DEY ROY,All India Trinamool Congress,51743,17/17,Result Declared,2,NADIA,122368,110022,9,232399
RANIBANDH,249,KSHUDIRAM TUDU,Bharatiya Janata Party,TANUSHREE HANSDA,All India Trinamool Congress,52269,19/19,Result Declared,1,BANKURA,128697,125873,0,254570
RANIGANJ,278,PARTHA GHOSH,Bharatiya Janata Party,KALOBARAN MONDAL,All India Trinamool Congress,17786,20/20,Result Declared,1,PASCHIM BARDHAMAN,110971,105021,2,215994
RANINAGAR,63,JULFIKAR ALI,Indian National Congress,ABDUL SOUMIK HOSSAIN,All India Trinamool Congress,2701,16/16,Result Declared,1,MURSHIDABAD,126493,117894,4,244391
RASHBEHARI,160,DASGUPTA SWAPAN,Bharatiya Janata Party,DEBASISH KUMAR (DEBA),All India Trinamool Congress,20865,20/20,Result Declared,2,KOLKATA SOUTH,76263,82137,6,158406
RATUA,48,SAMAR MUKHERJEE,All India Trinamool Congress,ABISHEK SINGHANIA,Bharatiya Janata Party,32562,23/23,Result Declared,1,MALDA,130127,116413,7,246547
REJINAGAR,70,HUMAYUN KABIR,Aam Janata Unnayan party,BAPAN GHOSH,Bharatiya Janata Party,58876,15/15,Result Declared,1,MURSHIDABAD,133771,122490,6,256267
SABANG,226,AMAL KUMAR PANDA,Bharatiya Janata Party,MANAS RANJAN BHUNIA,All India Trinamool Congress,11136,27/27,Result Declared,1,PASCHIM MEDINIPUR,141833,132549,1,274383
SAGAR,132,SUMANTA MANDAL,Bharatiya Janata Party,BANKIM CHANDRA HAZRA,All India Trinamool Congress,7881,22/22,Result Declared,2,SOUTH 24 PARGANAS,143904,130199,0,274103
SAGARDIGHI,60,BAYRON BISWAS,All India Trinamool Congress,TAPAS KUMAR CHAKRABORTY,Bharatiya Janata Party,34260,19/19,Result Declared,1,MURSHIDABAD,113465,103508,4,216977
SAINTHIA,289,KRISHNA KANTA SAHA,Bharatiya Janata Party,NILABATI SAHA,All India Trinamool Congress,10306,25/25,Result Declared,1,BIRBHUM,127499,124497,1,251997
SALBONI,234,BIMAN MAHATA,Bharatiya Janata Party,SRIKANTA MAHATA,All India Trinamool Congress,15243,18/18,Result Declared,1,PASCHIM MEDINIPUR,140943,138359,2,279304
SALTORA,247,CHANDANA BAURI,Bharatiya Janata Party,UTTAM BAURI,All India Trinamool Congress,32135,15/15,Result Declared,1,BANKURA,120047,113128,0,233175
SAMSERGANJ,56,MOHAMMED NOOR ALAM,All India Trinamool Congress,MD NAJME ALAM,Indian National Congress,7587,20/20,Result Declared,1,MURSHIDABAD,78004,83430,1,161435
SANDESHKHALI,123,SANAT SARDAR,Bharatiya Janata Party,JHARNA SARDAR,All India Trinamool Congress,17510,20/20,Result Declared,2,NORTH 24 PARGANAS,117641,105623,5,223269
SANKRAIL,174,PRIYA PAUL,All India Trinamool Congress,BARNALI DHALI NASKAR,Bharatiya Janata Party,16740,22/22,Result Declared,2,HOWRAH,123503,116742,7,240252
SANTIPUR,86,SWAPAN KUMAR DAS,Bharatiya Janata Party,BRAJAKISHORE GOSWAMI,All India Trinamool Congress,45376,17/17,Result Declared,2,NADIA,118363,109105,9,227477
SAPTAGRAM,193,SWARAJ GHOSH,Bharatiya Janata Party,BIDESH RANJAN BOSE,All India Trinamool Congress,23289,12/12,Result Declared,2,HOOGHLY,106484,103881,5,210370
SATGACHHIA,145,AGNISWAR NASKAR,Bharatiya Janata Party,SOMASHREE BETAL,All India Trinamool Congress,401,18/18,Result Declared,2,SOUTH 24 PARGANAS,132022,124220,9,256251
SHIBPUR,172,RUDRANIL GHOSH,Bharatiya Janata Party,DR. RANA CHATTERJEE,All India Trinamool Congress,16058,20/20,Result Declared,2,HOWRAH,96193,98766,4,194963
SHYAMPUKUR,166,PURNIMA CHAKRABORTY,Bharatiya Janata Party,SHASHI PANJA,All India Trinamool Congress,14633,21/21,Result Declared,2,KOLKATA NORTH,66449,65363,7,131819
SHYAMPUR,179,DR. HIRANMOY CHATTOPADHYAYA (HIRAAN),Bharatiya Janata Party,NADEBASI JANA,All India Trinamool Congress,22260,18/18,Result Declared,2,HOWRAH,132356,126919,3,259278
SILIGURI,26,SHANKAR GHOSH,Bharatiya Janata Party,GOUTAM DEB,All India Trinamool Congress,73192,15/15,Result Declared,1,DARJEELING,99920,100844,15,200779
SINGUR,188,ARUP KUMAR DAS,Bharatiya Janata Party,BECHARAM MANNA,All India Trinamool Congress,21438,22/22,Result Declared,2,HOOGHLY,119289,118093,6,237388
SITAI,6,SANGITA ROY,All India Trinamool Congress,ASHUTOSH BARMA,Bharatiya Janata Party,2721,23/23,Result Declared,1,COOCHBEHAR,143133,129993,0,273126
SITALKUCHI,5,SABITRI BARMAN,Bharatiya Janata Party,HARIHAR DAS,All India Trinamool Congress,25278,27/27,Result Declared,1,COOCHBEHAR,151129,134416,3,285548
SONAMUKHI,258,DIBAKAR GHARAMI,Bharatiya Janata Party,KALLOL SAHA,All India Trinamool Congress,29410,21/21,Result Declared,1,BANKURA,120586,115184,0,235770
SONARPUR DAKSHIN,147,RUPA GANGULY,Bharatiya Janata Party,ARUNDHUTI MAITRA(LOVELY),All India Trinamool Congress,35782,21/21,Result Declared,2,SOUTH 24 PARGANAS,128960,132016,17,260993
SONARPUR UTTAR,151,DEBASISH DHAR,Bharatiya Janata Party,FIRDOUSI BEGAM,All India Trinamool Congress,9807,22/22,Result Declared,2,SOUTH 24 PARGANAS,135666,137535,18,273219
SREERAMPUR,186,BHASKAR BHATTACHARYA,Bharatiya Janata Party,TANMOY GHOSH,All India Trinamool Congress,8685,21/21,Result Declared,2,HOOGHLY,104186,101472,4,205662
SUJAPUR,53,SABINA YEASMIN,All India Trinamool Congress,ABDUL HANNAN,Indian National Congress,60287,20/20,Result Declared,1,MALDA,120729,115707,7,236443
SURI,285,JAGANNATH CHATTOPADHYAY,Bharatiya Janata Party,UJJAL CHATTERJEE,All India Trinamool Congress,28686,24/24,Result Declared,1,BIRBHUM,127171,124900,0,252071
SUTI,57,EMANI BISWAS,All India Trinamool Congress,MAHABIR GHOSH,Bharatiya Janata Party,12357,21/21,Result Declared,1,MURSHIDABAD,121353,107854,1,229208
SWARUPNAGAR,98,BINA MONDAL,All India Trinamool Congress,TARAK SAHA,Bharatiya Janata Party,16017,16/16,Result Declared,2,NORTH 24 PARGANAS,119447,109516,2,228965
TALDANGRA,251,SOUVIK PATRA,Bharatiya Janata Party,FALGUNI SINGHABABU,All India Trinamool Congress,50073,18/18,Result Declared,1,BANKURA,120446,115239,0,235685
TAMLUK,203,HARE KRISHNA BERA,Bharatiya Janata Party,DIPENDRA NARAYAN ROY,All India Trinamool Congress,34729,15/15,Result Declared,1,PURBO MEDINIPUR,139883,134618,7,274508
TAPAN,40,BUUDHRAI TUDU,Bharatiya Janata Party,CHINTAMANI BIHA,All India Trinamool Congress,36987,17/17,Result Declared,1,DAKSHIN DINAJPUR,99485,95426,3,194914
TARAKESWAR,198,SANTU PAN,Bharatiya Janata Party,RAMENDU SINHARAY,All India Trinamool Congress,30999,23/23,Result Declared,2,HOOGHLY,118073,117363,5,235441
TEHATTA,78,SUBRATA KABIRAJ,Bharatiya Janata Party,DILIP KUMAR PODDAR,All India Trinamool Congress,28253,23/23,Result Declared,2,NADIA,131243,121184,4,252431
TOLLYGANJ,152,PAPIA ADHIKARY,Bharatiya Janata Party,AROOP BISWAS,All India Trinamool Congress,6013,17/17,Result Declared,2,SOUTH 24 PARGANAS,110663,119323,8,229994
TUFANGANJ,9,MALATI RAVA ROY,Bharatiya Janata Party,SHIBSANKAR PAUL,All India Trinamool Congress,26457,22/22,Result Declared,1,COOCHBEHAR,122055,115611,1,237667
UDAYNARAYANPUR,182,SAMIR KUMAR PANJA,All India Trinamool Congress,PROBHAKAR PANDIT,Bharatiya Janata Party,12227,16/16,Result Declared,2,HOWRAH,117276,111815,0,229091
ULUBERIA DAKSHIN,178,PULAK ROY,All India Trinamool Congress,SWAMI MANGALANANDA PURI,Bharatiya Janata Party,17187,19/19,Result Declared,2,HOWRAH,122513,114530,14,237057
ULUBERIA PURBA,176,RITABRATA BANERJEE,All India Trinamool Congress,RUDRA PROSAD BANERJEE,Bharatiya Janata Party,11838,16/16,Result Declared,2,HOWRAH,111655,106817,9,218481
ULUBERIA UTTAR,177,CHIRAN BERA,Bharatiya Janata Party,BIMAL KUMAR DAS,All India Trinamool Congress,4177,21/21,Result Declared,2,HOWRAH,112157,102511,3,214671
UTTARPARA,185,DIPANJAN CHAKRABORTY,Bharatiya Janata Party,SIRSANYA BANDOPADHYAY,All India Trinamool Congress,10415,28/28,Result Declared,2,HOOGHLY,112794,115473,5,228272
